WW,comment
202747,
202018,
202418,
202517,
202352,
202723,
202729,
202346,
202220,
202211,
202628,
202116,
202243,
202021,
202650,
202125,
202743,
202545,
202021,
202328,
202726,
202723,
202026,
202316,Pull in schedule because of reason A
202426,Push out due to reason B
202250,
202419,
202430,
202318,Support by other site
202632,Support by other site
202010,
202724,Pull in 1 week
202549,
202416,correct the info
202115,Support by other site
202330,Support by other site
202036,
202049,
202348,
202312,
202612,
202537,
202747,
202310,
202317,
202218,
202432,
202319,
202244,
202347,
202225,
202451,
202752,
202115,
202228,
202332,
202647,
202543,
202119,
202320,
202447,
